{
  "timestamp": "2025-07-09T11:35:56.986811295+00:00",
  "results": {
    "topology_mesh_8_nodes_http_like": {
      "name": "topology_mesh_8_nodes",
      "duration": {
        "secs": 10,
        "nanos": 1933337
      },
      "operations": 6296,
      "throughput": 628.7784359384998,
      "latency_avg": {
        "secs": 0,
        "nanos": 20000000
      },
      "latency_min": {
        "secs": 0,
        "nanos": 10000000
      },
      "latency_max": {
        "secs": 0,
        "nanos": 40000000
      },
      "success_rate": 0.9988881829733164
    }
  },
  "summary": {
    "total_operations": 6296,
    "average_throughput": 628.7784359384998,
    "average_latency": 20.0,
    "total_duration": 10.001933337
  }
}